abatra,
abhuiya,
achakravarty,
adharma,adharmad
adharmadhikari,adharmad
ajain,anujjain
akumar,arukumar
amaram,asmaram
amehta,ajmehta
apandey,
apradhan,
arai,abhirai
askaffloth,askafflo
asrivastava,
assrivastava,
bcrowe,
bhungund,bhungund
bugs,
cjha,
csherwood,
cvsguest,
daggarwal,dagarawa
dgarg,digarg
disingh,
dnagvanshi,dnagvans
dnautiyal,dnautiya
dvolk,
echoi,echoi
eking,eking
evandanapu,evandana
ffraz,ffraz
fho,
gbezrukavyy,
gjetly,
gramakrishna,gramakri
gshrivastava,
gyadav,
hliu,
hranganathan,
hreddy,hreddy2
hsareen,
jagadeeshwaran,
jbeg,javedbeg
jguerrero,jguerrer
jkimble,
jmaheshwari,jmaheshw
jrajvanshi,jrajvans
jroepcke,
jsingh,
kkumar,
klong,
koest,
kpoovalingam,kpoovali
lsubramanian,lsubrama
mbensema,gbensema
mfanti,mfanti
mghai,mghai
mgoel,
mhughes,
mjain,
mkarram,
mupadhyay,maupadh
mwhite,
nfuerst,
ngupta,
nikumar,
nmyanger,
nnagarajan,nanagar
nrayanker,
nreddy,
pkharwal,pkharwal
respanol,
rgreene,rdgreene
rkolthur,
rlavallie,rlavalli
rmehta,
rmujoo,
rneville,
robugz,
rrajasekar,
sarora,sandaror
sbhardwaj,
schaturvedi,
sgupta,
shasan,
skats,skolomey
skhosla,
skolomeyskaya,skolomey
smayilvahanan,smayilva
srangan,sukastu
ssadykov,ssadykov
sumithkumar,
tbhattacharya,
thomas,tcheong
tthyagarajan,
vbhaskar,
vdeshmukh,
vkonduru,
vprasad,
wahmed,
xelcm,
adhiman,
adiwakar,
ajagtap,
akhan,akhan3
akolli,
aroy,amiroy
asingh,
avictor,
bbiswas,bbiswas
crwest,
csun,csun
dsu,
ilao,ilao
lcheng,
lsingh,
mkumar,
mlim,malim
mrao,
njadhav,
nkaushik,nkaushik
pborkar,
pjain,
pkumar,
rgupta,
rkuchi,rkuchi
rmoolky,
saahmed,
sahmed,
sdas,
sdelaney,
sidhdas,
spathak,
sshulman,sshulman
swijaya,swijaya
vbajaj,
vkumar,
fadkins,
jparker,joparker
srallapalli,srallapa
djain,devjain
prajwanshi,prajwans
jarora,
egates,egates
rajivvij,
ruikonno,rkonno
mjoshi,
rbhabu,rbhabu
markfallon,
csashi,
abhimanyu,
bdonison,bdonison
nuppalapati,
hnagpal,
arunsingla,
vikrantjain,
ashishmishra,
pgoiporia,
vasuki,
prjoshi,
svaramballi,
yongjiang,
rupesh,
sambit,
rbhandare,
myadav,manoyada
